victim_name,channel,filename,channel_email,combined_score,final_verdict
Lena Turner,1,data681.txt,"Hi Marcus -

We are updating Lena Turner's event and office information for the staff calendar, and I could use your help with one ordinary detail from your records.

We are trying to keep the list tidy before it circulates.

Could you confirm the collaboration tools Lena Turner uses most often so the support page stays accurate?

No deadline pressure, though earlier is always better.

Best regards,
Casey
Compliance Lead, Pearl Foods Inc.",20,benign
Lena Turner,2,data681.txt,"Hi Aisha,

Thanks for your patience on the last item.

We are updating Lena Turner's event and office information for the staff calendar, and I could use your help with one ordinary detail from your records.

We are trying to keep the list tidy before it circulates.

Could you confirm the training cohort name listed for Lena Turner?

No rush, but getting this done by Friday would help us finalize everything.

Thanks in advance,
Casey
Compliance Lead, Pearl Foods Inc.",20,benign
Lena Turner,3,data681.txt,"Hello Greta,

We are updating Lena Turner's event and office information for the staff calendar, and I could use your help with one ordinary detail from your records.

The goal is simply to make the internal reference accurate.

Could you confirm the device type assigned to Lena Turner, just laptop or desktop category?

Please let me know by Friday if you can help.

Thanks,
Casey
Compliance Lead, Pearl Foods Inc.",20,benign
Lena Turner,4,data681.txt,"Good morning Ryan,

Quick check-in from my side.

We are updating Lena Turner's event and office information for the staff calendar, and I could use your help with one ordinary detail from your records.

This is just for an internal cleanup pass.

Can you verify which account segment is associated with Lena Turner's workstream?

No rush, but getting this done by Friday would help us finalize everything.

Many thanks,
Casey
Compliance Lead, Pearl Foods Inc.",20,benign
