index,victim_name
104,Elias Adler
234,Orion Ellis
437,Hana Lawson
659,Talia Sato
477,Rina Morris
582,Caleb Quinn
117,Rina Adler
617,Hana Rivera
193,Daria Dawson
496,Gavin Navarro
654,Orion Sato
420,Uri Kapoor
174,Orion Carver
613,Daria Rivera
662,Wesley Sato
610,Aiden Rivera
391,Vera Jensen
325,Paula Hughes
429,Dorian Kapoor
323,Noelle Hughes
472,Mateo Morris
393,Ximena Jensen
549,Dorian Owens
503,Noelle Navarro
525,Freya Owens
424,Yara Kapoor
514,Yara Navarro
334,Yara Hughes
139,Jana Bennett
326,Quentin Hughes
145,Paula Bennett
253,Daria Foster
376,Gavin Jensen
162,Caleb Carver
425,Zane Kapoor
677,Hana Turner
530,Keon Owens
630,Uri Rivera
644,Elias Sato
386,Quentin Jensen
507,Rina Navarro
528,Isaac Owens
476,Quentin Morris
366,Anika Iverson
312,Caleb Hughes
305,Zane Garcia
486,Anika Morris
542,Wesley Owens
448,Silas Lawson
213,Ximena Dawson
300,Uri Garcia
128,Celine Adler
508,Silas Navarro
110,Keon Adler
319,Jana Hughes
296,Quentin Garcia
579,Dorian Patel
471,Lena Morris
638,Celine Rivera
521,Bianca Owens
470,Keon Morris
135,Freya Bennett
226,Gavin Ellis
540,Uri Owens
407,Hana Kapoor
357,Rina Iverson
372,Caleb Jensen
577,Bennett Patel
307,Bennett Garcia
531,Lena Owens
520,Aiden Owens
207,Rina Dawson
364,Yara Iverson
192,Caleb Dawson
395,Zane Jensen
214,Yara Dawson
336,Anika Hughes
597,Rina Quinn
584,Elias Quinn
349,Jana Iverson
167,Hana Carver
413,Noelle Kapoor
160,Aiden Carver
345,Freya Iverson
152,Wesley Bennett
370,Aiden Jensen
622,Mateo Rivera
161,Bianca Carver
404,Elias Kapoor
605,Zane Quinn
484,Yara Morris
564,Orion Patel
538,Silas Owens
107,Hana Adler
148,Silas Bennett
203,Noelle Dawson
223,Daria Ellis
113,Noelle Adler
143,Noelle Bennett
342,Caleb Iverson
181,Vera Carver
593,Noelle Quinn
415,Paula Kapoor
220,Aiden Ellis
543,Ximena Owens
375,Freya Jensen
115,Paula Adler
298,Silas Garcia
140,Keon Bennett
440,Keon Lawson
178,Silas Carver
208,Silas Dawson
414,Orion Kapoor
545,Zane Owens
259,Jana Foster
227,Hana Ellis
170,Keon Carver
409,Jana Kapoor
692,Wesley Turner
278,Celine Foster
134,Elias Bennett
361,Vera Iverson
368,Celine Iverson
180,Uri Carver
283,Daria Garcia
295,Paula Garcia
251,Bianca Foster
697,Bennett Turner
557,Hana Patel
623,Noelle Rivera
570,Uri Patel
225,Freya Ellis
620,Keon Rivera
389,Talia Jensen
184,Yara Carver
337,Bennett Hughes
680,Keon Turner
354,Orion Iverson
356,Quentin Iverson
512,Wesley Navarro
576,Anika Patel
233,Noelle Ellis
232,Mateo Ellis
451,Vera Lawson
236,Quentin Ellis
532,Mateo Owens
369,Dorian Iverson
183,Ximena Carver
271,Vera Foster
574,Yara Patel
304,Yara Garcia
206,Quentin Dawson
663,Ximena Sato
417,Rina Kapoor
427,Bennett Kapoor
211,Vera Dawson
580,Aiden Quinn
573,Ximena Patel
489,Dorian Morris
228,Isaac Ellis
130,Aiden Bennett
242,Wesley Ellis
674,Elias Turner
394,Yara Jensen
215,Zane Dawson
535,Paula Owens
400,Aiden Kapoor
197,Hana Dawson
453,Ximena Lawson
254,Elias Foster
229,Jana Ellis
667,Bennett Sato
247,Bennett Ellis
461,Bianca Morris
546,Anika Owens
466,Gavin Morris
590,Keon Quinn
146,Quentin Bennett
498,Isaac Navarro
490,Aiden Navarro
105,Freya Adler
279,Dorian Foster
612,Caleb Rivera
182,Wesley Carver
218,Celine Dawson
209,Talia Dawson
176,Quentin Carver
374,Elias Jensen
335,Zane Hughes
499,Jana Navarro
328,Silas Hughes
124,Yara Adler
419,Talia Kapoor
649,Jana Sato
289,Jana Garcia
266,Quentin Foster
594,Orion Quinn
265,Paula Foster
606,Anika Quinn
137,Hana Bennett
383,Noelle Jensen
403,Daria Kapoor
255,Freya Foster
609,Dorian Quinn
604,Yara Quinn
687,Rina Turner
144,Orion Bennett
686,Quentin Turner
651,Lena Sato
153,Ximena Bennett
688,Silas Turner
399,Dorian Jensen
556,Gavin Patel
150,Uri Bennett
442,Mateo Lawson
625,Paula Rivera
460,Aiden Morris
388,Silas Jensen
646,Gavin Sato
285,Freya Garcia
423,Ximena Kapoor
210,Uri Dawson
422,Wesley Kapoor
284,Elias Garcia
624,Orion Rivera
643,Daria Sato
175,Paula Carver
478,Silas Morris
261,Lena Foster
202,Mateo Dawson
439,Jana Lawson
601,Vera Quinn
511,Vera Navarro
586,Gavin Quinn
589,Jana Quinn
378,Isaac Jensen
321,Lena Hughes
111,Lena Adler
537,Rina Owens
222,Caleb Ellis
355,Paula Iverson
277,Bennett Foster
392,Wesley Jensen
408,Isaac Kapoor
112,Mateo Adler
522,Caleb Owens
666,Anika Sato
204,Orion Dawson
410,Keon Kapoor
491,Bianca Navarro
694,Yara Turner
519,Dorian Navarro
191,Bianca Dawson
224,Elias Ellis
501,Lena Navarro
695,Zane Turner
338,Celine Hughes
286,Gavin Garcia
572,Wesley Patel
475,Paula Morris
675,Freya Turner
438,Isaac Lawson
529,Jana Owens
199,Jana Dawson
578,Celine Patel
217,Bennett Dawson
561,Lena Patel
641,Bianca Sato
430,Aiden Lawson
244,Yara Ellis
102,Caleb Adler
433,Daria Lawson
446,Quentin Lawson
103,Daria Adler
434,Elias Lawson
509,Talia Navarro
536,Quentin Owens
637,Bennett Rivera
426,Anika Kapoor
487,Bennett Morris
544,Yara Owens
267,Rina Foster
547,Bennett Owens
483,Ximena Morris
120,Uri Adler
313,Daria Hughes
642,Caleb Sato
563,Noelle Patel
308,Celine Garcia
108,Isaac Adler
379,Jana Jensen
469,Jana Morris
629,Talia Rivera
219,Dorian Dawson
101,Bianca Adler
341,Bianca Iverson
494,Elias Navarro
195,Freya Dawson
168,Isaac Carver
615,Freya Rivera
268,Silas Foster
189,Dorian Carver
212,Wesley Dawson
131,Bianca Bennett
172,Mateo Carver
457,Bennett Lawson
303,Ximena Garcia
690,Uri Turner
602,Wesley Quinn
221,Bianca Ellis
691,Vera Turner
653,Noelle Sato
600,Uri Quinn
317,Hana Hughes
344,Elias Iverson
133,Daria Bennett
347,Hana Iverson
431,Bianca Lawson
310,Aiden Hughes
657,Rina Sato
159,Dorian Bennett
628,Silas Rivera
339,Dorian Hughes
100,Aiden Adler
350,Keon Iverson
673,Daria Turner
314,Elias Hughes
599,Talia Quinn
592,Mateo Quinn
510,Uri Navarro
436,Gavin Lawson
396,Anika Jensen
332,Wesley Hughes
331,Vera Hughes
188,Celine Carver
567,Rina Patel
297,Rina Garcia
216,Anika Dawson
249,Dorian Ellis
359,Talia Iverson
205,Paula Dawson
473,Noelle Morris
390,Uri Jensen
340,Aiden Iverson
685,Paula Turner
560,Keon Patel
122,Wesley Adler
665,Zane Sato
187,Bennett Carver
311,Bianca Hughes
668,Celine Sato
619,Jana Rivera
270,Uri Foster
126,Anika Adler
166,Gavin Carver
656,Quentin Sato
158,Celine Bennett
458,Celine Lawson
256,Gavin Foster
272,Wesley Foster
114,Orion Adler
237,Rina Ellis
231,Lena Ellis
411,Lena Kapoor
351,Lena Iverson
474,Orion Morris
287,Hana Garcia
502,Mateo Navarro
348,Isaac Iverson
177,Rina Carver
552,Caleb Patel
652,Mateo Sato
598,Silas Quinn
559,Jana Patel
119,Talia Adler
575,Zane Patel
428,Celine Kapoor
116,Quentin Adler
262,Mateo Foster
553,Daria Patel
200,Keon Dawson
121,Vera Adler
239,Talia Ellis
292,Mateo Garcia
689,Talia Turner
397,Bennett Jensen
235,Paula Ellis
398,Celine Jensen
658,Silas Sato
505,Paula Navarro
558,Isaac Patel
492,Caleb Navarro
647,Hana Sato
416,Quentin Kapoor
136,Gavin Bennett
260,Keon Foster
608,Celine Quinn
607,Bennett Quinn
611,Bianca Rivera
315,Freya Hughes
371,Bianca Jensen
123,Ximena Adler
330,Uri Hughes
151,Vera Bennett
664,Yara Sato
682,Mateo Turner
468,Isaac Morris
585,Freya Quinn
269,Talia Foster
194,Elias Dawson
523,Daria Owens
676,Gavin Turner
481,Vera Morris
463,Daria Morris
565,Paula Patel
541,Vera Owens
513,Ximena Navarro
248,Celine Ellis
141,Lena Bennett
452,Wesley Lawson
276,Anika Foster
595,Paula Quinn
401,Bianca Kapoor
163,Daria Carver
164,Elias Carver
380,Keon Jensen
258,Isaac Foster
497,Hana Navarro
346,Gavin Iverson
639,Dorian Rivera
441,Lena Lawson
633,Ximena Rivera
106,Gavin Adler
616,Gavin Rivera
500,Keon Navarro
288,Isaac Garcia
566,Quentin Patel
447,Rina Lawson
186,Anika Carver
302,Wesley Garcia
316,Gavin Hughes
699,Dorian Turner
454,Yara Lawson
645,Freya Sato
385,Paula Jensen
127,Bennett Adler
275,Zane Foster
243,Ximena Ellis
670,Aiden Turner
517,Bennett Navarro
479,Talia Morris
382,Mateo Jensen
173,Noelle Carver
640,Aiden Sato
327,Rina Hughes
201,Lena Dawson
626,Quentin Rivera
588,Isaac Quinn
274,Yara Foster
252,Caleb Foster
273,Ximena Foster
406,Gavin Kapoor
435,Freya Lawson
449,Talia Lawson
684,Orion Turner
353,Noelle Iverson
669,Dorian Sato
550,Aiden Patel
109,Jana Adler
562,Mateo Patel
147,Rina Bennett
230,Keon Ellis
660,Uri Sato
129,Dorian Adler
459,Dorian Lawson
634,Yara Rivera
661,Vera Sato
156,Anika Bennett
495,Freya Navarro
672,Caleb Turner
246,Anika Ellis
445,Paula Lawson
464,Elias Morris
603,Ximena Quinn
263,Noelle Foster
322,Mateo Hughes
569,Talia Patel
360,Uri Iverson
280,Aiden Garcia
373,Daria Jensen
591,Lena Quinn
165,Freya Carver
384,Orion Jensen
678,Isaac Turner
524,Elias Owens
421,Vera Kapoor
587,Hana Quinn
693,Ximena Turner
506,Quentin Navarro
290,Keon Garcia
185,Zane Carver
698,Celine Turner
488,Celine Morris
405,Freya Kapoor
555,Freya Patel
320,Keon Hughes
485,Zane Morris
343,Daria Iverson
294,Orion Garcia
299,Talia Garcia
138,Isaac Bennett
635,Zane Rivera
683,Noelle Turner
309,Dorian Garcia
671,Bianca Turner
679,Jana Turner
318,Isaac Hughes
636,Anika Rivera
155,Zane Bennett
465,Freya Morris
443,Noelle Lawson
518,Celine Navarro
282,Caleb Garcia
467,Hana Morris
132,Caleb Bennett
583,Daria Quinn
655,Paula Sato
179,Talia Carver
324,Orion Hughes
480,Uri Morris
362,Wesley Iverson
444,Orion Lawson
301,Vera Garcia
125,Zane Adler
196,Gavin Dawson
291,Lena Garcia
596,Quentin Quinn
154,Yara Bennett
190,Aiden Dawson
456,Anika Lawson
142,Mateo Bennett
169,Jana Carver
367,Bennett Iverson
516,Anika Navarro
614,Elias Rivera
515,Zane Navarro
627,Rina Rivera
696,Anika Turner
548,Celine Owens
412,Mateo Kapoor
241,Vera Ellis
363,Ximena Iverson
432,Caleb Lawson
618,Isaac Rivera
149,Talia Bennett
504,Orion Navarro
450,Uri Lawson
352,Mateo Iverson
632,Wesley Rivera
482,Wesley Morris
118,Silas Adler
377,Hana Jensen
281,Bianca Garcia
493,Daria Navarro
527,Hana Owens
554,Elias Patel
306,Anika Garcia
455,Zane Lawson
365,Zane Iverson
402,Caleb Kapoor
681,Lena Turner
571,Vera Patel
650,Keon Sato
358,Silas Iverson
568,Silas Patel
551,Bianca Patel
526,Gavin Owens
631,Vera Rivera
329,Talia Hughes
581,Bianca Quinn
533,Noelle Owens
240,Uri Ellis
539,Talia Owens
157,Bennett Bennett
198,Isaac Dawson
293,Noelle Garcia
648,Isaac Sato
245,Zane Ellis
264,Orion Foster
534,Orion Owens
238,Silas Ellis
418,Silas Kapoor
621,Lena Rivera
462,Caleb Morris
387,Rina Jensen
381,Lena Jensen
257,Hana Foster
171,Lena Carver
250,Aiden Foster
333,Ximena Hughes
